Condition,N,Mean,Median,Std,Skewness,Kurtosis,Shapiro W,Shapiro p,D'Agostino p,Normal?
dry,154277,0.6727302190216298,0.0,2.749156816497263,11.024789862429152,202.0148902389773,0.21230840095510173,2.7688058618953477e-90,0.0,No
rain,14104,0.6695760068065797,0.0,2.8301322691509,9.408077480518106,120.46418298340977,0.2297727584672412,9.051388932670623e-90,0.0,No
snow,2031,0.4487444608567208,0.0,2.1187893069577295,8.873116332935258,106.45304764547794,0.21601857512287825,2.3605318771282073e-68,0.0,No
fog,1789,0.5140860816098378,0.0,1.9120928352156188,5.797045902066706,39.94961816115117,0.29603224059853506,1.5620375486271117e-63,0.0,No
hail,775,0.2745806451612903,0.0,1.1375032945459729,6.4715139187281014,52.447329987057046,0.26149951918395553,7.459646098085425e-48,3.0660704289858607e-211,No
sleet,459,0.2830065359477124,0.0,1.412118055931344,11.537224712528452,164.1991076646557,0.18961104007869045,2.4322643291092853e-40,1.7279308356820365e-182,No
